A06.7;AMIBIASE CUTANEE
A18.4;TUBERC  DE LA PEAU ET DU TISSU CELL   S CUT 
A20.1;PESTE CUTANEE
A22.0;CHARBON CUTANE
A26.0;ERYSIPELOIDE CUTANEE
A31.1;INFECT  CUTANEE A MYCOBACTERIES ATYPIQUES
A32.0;LISTERIOSE CUTANEE
A36.3;DIPHTERIE CUTANEE
A42.2;ACTINOMYCOSE CERVICO FACIALE
A43.1;NOCARDIOSE CUTANEE
A44.1;BARTONELLOSE CUTANEE ET CUTANEO MUQ 
A46;ERYSIPELE
A51.3;SYPHILIS IIRE  DE LA PEAU ET DES MUQ 
A63.00;CONDYLOMES ANAUX
A66.0;LES  INITIALES DU PIAN
A66.1;PAPILLOMES MULT  ET PIAN PLANTAIRE HUMIDE
A66.2;LES  CUTANEES PRECOCES DU PIAN  NCA
A66.3;HYPERKERATOSE PIANIQUE
A66.4;GOMMES ET ULCERES PIANIQUES
A67.0;LES  INITIALES DE LA PINTA
A67.1;LES  INTERMEDIAIRES DE LA PINTA
A67.3;LES  MIXTES DE LA PINTA
B00.0;ECZEMA HERPETIQUE
B00.1;DERMITE VESICULAIRE DUE AU VIRUS DE L HERPES
B02.9;ZONA  SAI
B07;VERRUES D ORIGINE VIRALE
B08.1;MOLLUSCUM CONTAGIOSUM
B35.0;TEIGNE DE LA BARBE ET DU CUIR CHEVELU
B35.1;TEIGNE DE L ONGLE
B35.2;TEIGNE DE LA MAIN
B35.3;TEIGNE DU PIED
B35.4;TEIGNE DE LA PEAU GLABRE
B35.5;TEIGNE IMBRIQUEE
B35.6;DERMATOPHYTOSE INGUINOCRURALE
B35.8;DERMATOPHYTOSES  NCA
B35.9;DERMATOPHYTOSE  SAI
B36.0;PITYRIASIS VERSICOLOR
B36.1;TINEA NIGRA
B36.2;PIEDRA BLANCHE
B36.3;PIEDRA NOIRE
B36.8;MYCOSES SUPERF  PREC   NCA
B36.9;MYCOSE SUPERF   SAI
B37.2;CANDIDOSE DE LA PEAU ET DES ONGLES
B38.3;COCCIDIOIDOMYCOSE CUTANEE
B40.3;BLASTOMYCOSE CUTANEE
B43.0;CHROMOMYCOSE CUTANEE
B43.2;ABCES ET KYSTE PHAEOHYPHOMYCOSIQUES  S CUT 
B45.2;CRYPTOCOCCOSE CUTANEE
B46.3;MUCORMYCOSE CUTANEE
B47.0;EUMYCETOME
B47.1;ACTINOMYCETOME
B47.9;MYCETOME  SAI
B55.1;LEISHMANIOSE CUTANEE
B55.2;LEISHMANIOSE CUTANEO MUQ 
B65.3;DERMITE CERCARIENNE
B72;DRACUNCULOSE
B78.1;ANGUILLULOSE CUTANEE
B85.0;PEDICULOSE DUE A PEDICULUS HUMANUS CAPITIS
B85.1;PEDICULOSE DUE A PEDICULUS HUMANUS CORPORIS
B85.2;PEDICULOSE  SAI
B85.3;PHTIRIASE
B85.4;INFESTATION MIXTE  PEDICULOSE ET PHTIRIASE
B86;GALE
B87.0;MYIASE CUTANEE
B87.1;MYIASE DES PLAIES CUTANEES
B87.9;MYIASE  SAI
B88.0;ACARIASES  NCA
B88.1;TUNGOSE
B88.2;INFESTATIONS PAR ARTHROPODES  NCA
B88.3;HIRUDINIASE EXT 
C43.0;MELANOME MALIN DE LA LEVRE
C43.2;MELANOME MALIN DE L OREILLE ET DU CONDUIT AUDITIF EXT 
C43.3;MELANOME MALIN DE LA FACE  PARTIES NCA OU SAI
C43.4;MELANOME MALIN DU CUIR CHEVELU ET DU COU
C43.5;MELANOME MALIN DU TRONC
C43.6;MELANOME MALIN DU MB  SUP   Y COMPRIS L EPAULE
C43.7;MELANOME MALIN DU MB  INF   Y COMPRIS LA HANCHE
C43.8;LES  A LOC  CONTIGUES D UN MELANOME MALIN DE LA PEAU
C43.9;MELANOME DE LA PEAU  SAI
C44.0;T M  DE LA FACE CUTANEE DE LA LEVRE
C44.2;T M  DE LA PEAU DE L OREILLE ET DU CONDUIT AUDITIF EXT 
C44.3;T M  DE LA PEAU DE LA FACE  PARTIES NCA OU SAI
C44.4;T M  DE LA PEAU DU CUIR CHEVELU ET DU COU
C44.5;T M  DE LA PEAU DU TRONC
C44.6;T M  DE LA PEAU DU MB  SUP   Y COMPRIS L EPAULE
C44.7;T M  DE LA PEAU DU MB  INF   Y COMPRIS LA HANCHE
C44.8;T M  A LOC  CONTIGUES DE LA PEAU
C44.9;T M  DE LA PEAU  SAI
C46.0;SARCOME DE KAPOSI DE LA PEAU
C50.0;T M  DU MAMELON ET DE L AREOLE
C50.1;T M  DE LA PARTIE CENTRALE DU SEIN
C50.2;T M  DU QUADRANT SUPERO INT  DU SEIN
C50.3;T M  DU QUADRANT INFERO INT  DU SEIN
C50.4;T M  DU QUADRANT SUPERO EXT  DU SEIN
C50.5;T M  DU QUADRANT INFERO EXT  DU SEIN
C50.6;T M  DU PROLONGEMENT AXILLAIRE DU SEIN
C50.8;T M  A LOC  CONTIGUES DU SEIN
C50.9;T M  DU SEIN  SAI
C76.0;T M  SIEGE MAL DEF  DE TETE  FACE  COU
C79.2;T M  IIRE  DE LA PEAU
D03.0;MELANOME IN SITU DE LA LEVRE
D03.3;MELANOME IN SITU DE PARTIES DE LA FACE  NCA OU SAI
D03.4;MELANOME IN SITU DU CUIR CHEVELU ET DU COU
D03.5;MELANOME IN SITU DU TRONC
D03.6;MELANOME IN SITU DU MB  SUP   Y COMPRIS L EPAULE
D03.7;MELANOME IN SITU DU MB  INF   Y COMPRIS LA HANCHE
D03.8;MELANOME IN SITU D AUTRES SIEGES
D03.9;MELANOME IN SITU  SAI
D04.0;CARC  IN SITU DE LA PEAU DE LA LEVRE
D04.3;CARC  IN SITU DE LA PEAU DES PARTIES DE LA FACE  NCA OU SAI
D04.4;CARC  IN SITU DE LA PEAU DU CUIR CHEVELU ET DU COU
D04.5;CARC  IN SITU DE LA PEAU DU TRONC
D04.6;CARC  IN SITU DE LA PEAU DU MB  SUP   Y COMPRIS L EPAULE
D04.7;CARC  IN SITU DE LA PEAU DU MB  INF   Y COMPRIS LA HANCHE
D04.8;CARC  IN SITU DE LA PEAU D AUTRES SIEGES
D04.9;CARC  IN SITU DE LA PEAU  SAI
D05.0;CARC  IN SITU LOBULAIRE
D05.1;CARC  IN SITU INTRACANALICULAIRE
D05.7;CARC  IN SITU DU SEIN  NCA
D05.9;CARC  IN SITU DU SEIN  SAI
D17.0;T B  LIPOMATEUSE PEAU  TISSU  S CUT  DE TETE  FACE  COU
D17.1;T B  LIPOMATEUSE PEAU  TISSU  S CUT  DU TRONC
D17.2;T B  LIPOMATEUSE PEAU  TISSU  S CUT  DES MB 
D17.3;T B  LIPOMATEUSE PEAU  TISSU  S CUT   DE SIEGES NCA OU SAI
D17.9;T B  LIPOMATEUSE  SAI
D22.0;NAEVUS A MELANOCYTES DE LA LEVRE
D22.3;NAEVUS A MELANOCYTES DES PARTIES DE LA FACE  NCA OU SAI
D22.4;NAEVUS A MELANOCYTES DU CUIR CHEVELU ET DU COU
D22.5;NAEVUS A MELANOCYTES DU TRONC
D22.6;NAEVUS A MELANOCYTES DU MB  SUP   Y COMPRIS L EPAULE
D22.7;NAEVUS A MELANOCYTES DU MB  INF   Y COMPRIS LA HANCHE
D22.9;NAEVUS A MELANOCYTES  SAI
D23.0;T B  DE LA PEAU DE LA LEVRE
D23.3;T B  DE LA PEAU DES PARTIES DE LA FACE  NCA OU SAI
D23.4;T B  DE LA PEAU DU CUIR CHEVELU ET DU COU
D23.5;T B  DE LA PEAU DU TRONC
D23.6;T B  DE LA PEAU DU MB  SUP   Y COMPRIS L EPAULE
D23.7;T B  DE LA PEAU DU MB  INF   Y COMPRIS LA HANCHE
D23.9;T B  DE LA PEAU  SAI
D24;T B  DU SEIN
D48.5;T  EV  IMPR   INC  DE LA PEAU
D48.6;T  EV  IMPR   INC  DU SEIN
D86.3;SARCOIDOSE DE LA PEAU
I78.1;NAEVUS  NON NEOPLASIQUE
I89.0;LYMPHOEDEME  NCA
I89.1;LYMPHANGITE
I97.2;LYMPHOEDEME APRES MASTECTOMIE
L00;SYND  D EPIDERMOLYSE STAPHYLO  DU NOURRISSON
L01.0;IMPETIGO
L01.1;IMPETIGINISATION D AUTRES DERMATOSES
L02.0;ABCES CUTANE  FURONCLE ET ANTHRAX DE LA FACE
L02.1;ABCES CUTANE  FURONCLE ET ANTHRAX DU COU
L02.2;ABCES CUTANE  FURONCLE ET ANTHRAX DU TRONC
L02.3;ABCES CUTANE  FURONCLE ET ANTHRAX DE LA FESSE
L02.4;ABCES CUTANE  FURONCLE ET ANTHRAX D UN MB 
L02.8;ABCES CUTANE  FURONCLE ET ANTHRAX D AUTRES LOC 
L02.9;ABCES CUTANE  FURONCLE ET ANTHRAX  SAI
L03.0;PHLEGMON DES DOIGTS ET DES ORTEILS
L03.1;PHLEGMON D AUTRES PARTIES D UN MB 
L03.2;PHLEGMON DE LA FACE
L03.3;PHLEGMON DU TRONC
L03.8;PHLEGMON D AUTRES LOC 
L03.9;PHLEGMON  SAI
L04.0;LYMPHADENITE AIG  DE LA FACE  DE LA TETE ET DU COU
L04.1;LYMPHADENITE AIG  DU TRONC
L04.2;LYMPHADENITE AIG  D UN MB  SUP 
L04.3;LYMPHADENITE AIG  D UN MB  INF 
L04.8;LYMPHADENITE AIG  D AUTRES LOC 
L04.9;LYMPHADENITE AIG   SAI
L05.0;SINUS PILONIDAL AVEC ABCES
L05.9;SINUS PILONIDAL  SAI
L08.0;PYODERMITE
L08.1;ERYTHRASMA
L08.8;INFECT  LOC  PREC  DE LA PEAU ET DU TISSU CELL   S CUT   NCA
L08.9;INFECT  LOC  DE LA PEAU ET DU TISSU CELL   S CUT   SAI
L10.0;PEMPHIGUS VULGAIRE
L10.1;PEMPHIGUS VEGETANT
L10.2;PEMPHIGUS FOLIACE
L10.3;PEMPHIGUS BRESILIEN
L10.4;PEMPHIGUS ERYTHEMATEUX
L10.5;PEMPHIGUS MEDICAM 
L10.8;PEMPHIGUS  NCA
L10.9;PEMPHIGUS  SAI
L11.0;KERATOSE FOLLICULAIRE ACQUISE
L11.1;DERMATOSE ACANTHOLYTIQUE TRANSIT 
L11.8;FORMES PREC  D ACANTHOLYSE  NCA
L11.9;ACANTHOLYSE  SAI
L12.0;PEMPHIGOIDE BULLEUX
L12.1;PEMPHIGOIDE CICATRICIEL
L12.2;MAL  CHRON  BULLEUSE DE L ENFANCE
L12.3;EPIDERMOLYSE BULLEUSE ACQUISE
L12.8;PEMPHIGOIDES  NCA
L12.9;PEMPHIGOIDE  SAI
L13.0;DERMITE HERPETIFORME
L13.1;PUSTULOSE SOUS CORNEE
L13.8;DERMATOSES BULLEUSES PREC   NCA
L13.9;DERMATOSE BULLEUSE  SAI
L14;DERMATOSES BULLEUSES AVEC MAL  CL  AILL 
L20.0;PRURIGO DE BESNIER
L20.8;DERMITES ATOPIQUES  NCA
L20.9;DERMITE ATOPIQUE  SAI
L21.0;SEBORRHEE DE LA TETE
L21.1;DERMITE SEBORRHEIQUE INFANTILE
L21.8;DERMITES SEBORRHEIQUES  NCA
L21.9;DERMITE SEBORRHEIQUE  SAI
L22;DERMITE FESSIERE DU NOURRISSON
L23.0;DERMITE ALLERGIQUE DE CONTACT DUE AUX METAUX
L23.1;DERMITE ALLERGIQUE DE CONTACT DUE AUX ADHESIFS
L23.2;DERMITE ALLERGIQUE DE CONTACT DUE AUX COSMETIQUES
L23.3;DERMITE ALLERGIQUE DE CONTACT DUE A DES MEDICAM 
L23.4;DERMITE ALLERGIQUE DE CONTACT DUE AUX TEINTURES
L23.5;DERMITE ALLERGIQUE DE CONTACT DUE A D AUTRES PROD  CHIM 
L23.6;DERMITE ALLERGIQUE DE CONTACT DUE A DES ALIMENTS
L23.7;DERMITE ALLERGIQUE DE CONTACT DUE AUX VEGETAUX  SAUF ALIMENTS
L23.8;DERMITE ALLERGIQUE DE CONTACT DUE A D AUTRES AGENTS
L23.9;DERMITE ALLERGIQUE DE CONTACT  CAUSE SAI
L24.0;DERMITE IRRITANTE DE CONTACT DUE AUX DETERGENTS
L24.1;DERMITE IRRITANTE DE CONTACT DUE AUX HUILES ET AUX GRAISSES
L24.2;DERMITE IRRITANTE DE CONTACT DUE AUX SOLVANTS
L24.3;DERMITE IRRITANTE DE CONTACT DUE AUX COSMETIQUES
L24.4;DERMITE IRRITANTE DE CONTACT DUE A DES MEDICAM 
L24.5;DERMITE IRRITANTE DE CONTACT DUE A D AUTRES PROD  CHIM 
L24.6;DERMITE IRRITANTE DE CONTACT DUE A DES ALIMENTS
L24.7;DERMITE IRRITANTE DE CONTACT DUE AUX VEGETAUX  SAUF ALIMENTS
L24.8;DERMITE IRRITANTE DE CONTACT DUE A D AUTRES AGENTS
L24.9;DERMITE IRRITANTE DE CONTACT  CAUSE SAI
L25.0;DERMITE DE CONTACT SAI  DUE AUX COSMETIQUES
L25.1;DERMITE DE CONTACT SAI  DUE A DES MEDICAM 
L25.2;DERMITE DE CONTACT SAI  DUE AUX TEINTURES
L25.3;DERMITE DE CONTACT SAI  DUE A D AUTRES PROD  CHIM 
L25.4;DERMITE DE CONTACT SAI  DUE A DES ALIMENTS
L25.5;DERMITE DE CONTACT SAI  DUE AUX VEGETAUX  SAUF ALIMENTS
L25.8;DERMITE DE CONTACT SAI  DUE A D AUTRES AGENTS
L25.9;DERMITE DE CONTACT SAI  CAUSE SAI
L26;DERMITE EXFOLIATRICE
L27.0;ERUPTION GENERALISEE DUE A DES MEDICAM 
L27.1;ERUPTION LOC  DUE A DES MEDICAM 
L27.2;DERMITE DUE A L INGESTION D ALIMENTS
L27.8;DERMITE DUE A D AUTRES SUBST  PRISES PAR VOIE INT 
L27.9;DERMITE DUE A UNE SUBST  SAI PRISE PAR VOIE INT 
L28.0;LICHEN SIMPLEX CHRON 
L28.1;PRURIGO NODULAIRE DE HYDE
L28.2;PRURIGO  NCA
L29.0;PRURIT ANAL
L29.3;PRURIT ANO GEN   SAI
L29.8;PRURITS  NCA
L29.9;PRURIT  SAI
L30.0;DERMITE NUMMULAIRE
L30.1;DYSHIDROSE
L30.2;AUTOSENSIBILISATION CUTANEE
L30.3;DERMITE INFECTEE
L30.4;INTERTRIGO ERYTHEMATEUX
L30.5;PITYRIASIS ALBA
L30.8;DERMITES PREC   NCA
L30.9;DERMITE  SAI
L40.0;PSORIASIS VULGARIS
L40.1;PSORIASIS PUSTULAIRE GENERALISE
L40.2;ACRODERMATITE CONTINUE DE HALLOPEAU
L40.3;PUSTULOSE PALMAIRE ET PLANTAIRE
L40.4;PSORIASIS EN GOUTTE
L40.8;PSORIASIS  NCA
L40.9;PSORIASIS  SAI
L41.0;PITYRIASIS LICHENOIDE ET VARIOLIFORME AIG 
L41.1;PITYRIASIS LICHENOIDE CHRON 
L41.3;PARAPSORIASIS A PT  PLAQUES
L41.4;PARAPSORIASIS A GD  PLAQUES
L41.5;PARAPSORIASIS RETIFORME
L41.8;PARAPSORIASIS  NCA
L41.9;PARAPSORIASIS  SAI
L42;PITYRIASIS ROSE DE GIBERT
L43.0;LICHEN PLAN HYPERTROPHIQUE
L43.1;LICHEN PLAN BULLEUX
L43.2;REAC  LICHENOIDE MEDICAM 
L43.3;LICHEN PLAN SUBAIG 
L43.8;LICHEN PLANS  NCA
L43.9;LICHEN PLAN  SAI
L44.0;PITYRIASIS RUBRA PILAIRE
L44.1;LICHEN NITIDUS
L44.2;LICHEN STRIE
L44.3;LICHEN RUBER MONILIFORME
L44.4;ACRODERMATITE ERYTHEMATOPAPULEUSE INFANTILE
L44.8;LES  PAPULO SQUAMEUSES PREC   NCA
L44.9;LES  PAPULO SQUAMEUSE  SAI
L45;LES  PAPULO SQUAMEUSES AVEC MAL  CL  AILL 
L50.0;URTICAIRE ALLERGIQUE
L50.1;URTICAIRE IDIOP 
L50.2;URTICAIRE PROVOQUEE PAR LE FROID ET LA CHALEUR
L50.3;DERMOGRAPHISME
L50.4;URTICAIRE PROVOQUEE PAR VIBRATION
L50.5;URTICAIRE CHOLINERGIQUE
L50.6;URTICAIRE DE CONTACT
L50.8;URTICAIRE  NCA
L50.9;URTICAIRE  SAI
L51.0;ERYTHEME POLYMORPHE NON BULLEUX
L51.1;ERYTHEME POLYMORPHE BULLEUX
L51.29;EPIDERMOLYSE NECROS  SURAIG  ET DECOLL  INF  A 30% OU SAI
L51.8;ERYTHEME POLYMORPHE  NCA
L51.9;ERYTHEME POLYMORPHE  SAI
L52;ERYTHEME NOUEUX
L53.0;ERYTHEME TOXIQUE
L53.1;ERYTHEME ANNULAIRE CENTRIFUGE
L53.2;ERYTHEME MARGINE DISCOIDE DE BESNIER
L53.3;ERYTHEME FIGURE CHRON   NCA
L53.8;FORMES PREC  D ERYTHEME  NCA
L53.9;ERYTHEME  SAI
L54.0;ERYTHEME MARGINE DISCOIDE DE BESNIER AVEC UN RHUM  ARTIC  AIG 
L54.8;ERYTHEME AVEC AUTRES MAL  CL  AILL 
L55.0;COUP DE SOLEIL DU 1ER DEGRE
L55.1;COUP DE SOLEIL DU 2EME DEGRE
L55.2;COUP DE SOLEIL DU 3EME DEGRE
L55.8;COUPS DE SOLEIL  NCA
L55.9;COUP DE SOLEIL  SAI
L56.0;REAC  PHOTOTOXIQUE A UN MEDICAM 
L56.1;REAC  PHOTOALLERGIQUE A UN MEDICAM 
L56.2;DERMITE DE PHOTOCONTACT
L56.3;URTICAIRE SOLAIRE
L56.4;LUCITE POLYMORPHE
L56.8;MODIF  AIG  PREC  DE LA PEAU DUES AUX RAYONS ULTRAVIOLETS  NCA
L56.9;MODIF  AIG  DE LA PEAU DUE AUX RAYONS ULTRAVIOLETS  SAI
L57.0;KERATOSE ACTINIQUE
L57.1;ACTINORETICULOSE
L57.2;CUTIS RHOMBOIDALIS
L57.3;POIKILODERMIE DE CIVATTE
L57.4;CUTIS LAXA SENILIS
L57.5;GRANULOME ACTINIQUE
L57.8;MODIF  DE LA PEAU NCA  DUES A UNE EXPO  CHRON  AUX RAY  NON ION 
L57.9;MODIF  DE LA PEAU SAI  DUE A UNE EXPO  CHRON  AUX RAY  NON ION 
L58.0;RADIODERMITE AIG 
L58.1;RADIODERMITE CHRON 
L58.9;RADIODERMITE  SAI
L59.0;ERYTHEME DU AU FEU
L59.8;AFF  PREC  PEAU ET TISSU CELL   S CUT  NCA  LIEES A UNE IRRAD 
L59.9;AFF  DE LA PEAU ET DU TISSU CELL   S CUT  SAI  LIEE A UNE IRRAD 
L60.0;ONGLE INCARNE
L60.1;ONYCHOLYSE
L60.2;ONYCHOGRYPHOSE
L60.3;DYSTROPHIE DES ONGLES
L60.4;LIGNES DE BEAU
L60.5;SYND  DES ONGLES JAUNES
L60.8;MAL  DES ONGLES  NCA
L60.9;MAL  DES ONGLES  SAI
L62.0;PACHYDERMOPERIOSTOSE AVEC ONGLE HIPPOCRATIQUE
L62.8;MAL  DES ONGLES AVEC AUTRES MAL  CL  AILL 
L63.0;ALOPECIE TOTALE
L63.1;PELADE DIFFUSE
L63.2;OPHIASE
L63.8;PELADE  NCA
L63.9;PELADE  SAI
L64.0;ALOPECIE ANDROGENIQUE MEDICAM 
L64.8;ALOPECIE ANDROGENIQUE  NCA
L64.9;ALOPECIE ANDROGENIQUE  SAI
L65.0;TELOGENE
L65.1;ANAGENE
L65.2;ALOPECIE MUCINEUSE DE PINKUS
L65.8;FORMES NON CICATRICIELLES PREC  DE RAREFACTION DU SYST  PILEUX  NCA
L65.9;RAREFACTION DU SYST  PILEUX NON CICATRICIELLE  SAI
L66.0;PSEUDO PELADE
L66.1;LICHEN PLANO PILAIRE
L66.2;FOLLICULITE DECALVANTE
L66.3;PERIFOLLICULITE CAPITIS ABSCEDENS
L66.4;FOLLICULITE ULERYTHEMATEUSE RETICULEE
L66.8;ALOPECIE CICATRICIELLE  NCA
L66.9;ALOPECIE CICATRICIELLE  SAI
L67.0;TRICHORRHEXIE NOUEUSE
L67.1;ANOM  DE LA COULEUR DES CHEVEUX
L67.8;ANOM  DE LA PIGMENTATION ET DE LA GAINE CAPILLAIRES  NCA
L67.9;ANOM  DE LA PIGMENTATION ET DE LA GAINE CAPILLAIRES  SAI
L68.0;HIRSUTISME
L68.1;HYPERTRICHOSE LANUGINEUSE ACQUISE
L68.2;HYPERTRICHOSE LOC 
L68.3;POLYTRICHIE
L68.8;HYPERTRICHOSE  NCA
L68.9;HYPERTRICHOSE  SAI
L70.0;ACNE VULGAIRE
L70.1;ACNE CONGLOBATA
L70.2;ACNE VARIOLIFORME
L70.3;ACNE TROPICALE
L70.4;ACNE INFANTILE
L70.5;ACNÉ EXCORIÉE
L70.8;ACNE  NCA
L70.9;ACNE  SAI
L71.0;DERMITE PERIORALE
L71.1;RHINOPHYMA
L71.8;ACNE ROSACEE  NCA
L71.9;ACNE ROSACEE  SAI
L72.0;KYSTE EPIDERMIQUE
L72.1;KYSTE SEBACE
L72.2;STEATOKYSTOSE MULT  DE LA PEAU ET DU TISSU CELL   S CUT 
L72.8;KYSTE FOLLICULAIRE DE LA PEAU ET DU TISSU CELL   S CUT   NCA
L72.9;KYSTE FOLLICULAIRE DE LA PEAU ET DU TISSU CELL   S CUT   SAI
L73.0;ACNE CHELOIDE
L73.1;PSEUDOFOLLICULITE DE LA BARBE
L73.2;HIDROSADENITE SUPPUREE
L73.8;FORMES PREC  D AFF  FOLLICULAIRES  NCA
L73.9;AFF  FOLLICULAIRE  SAI
L74.0;MILIAIRE ROUGE
L74.1;MILIAIRE CRISTALLINE
L74.2;MILIAIRE PROF 
L74.3;MILIAIRE  SAI
L74.4;ANHIDROSE
L74.8;AFF  DES GLD  SUDORIPARES EXOCRINES  NCA
L74.9;AFF  DES GLD  SUDORIPARES EXOCRINES  SAI
L75.0;BROMHIDROSE
L75.1;CHROMHIDROSE
L75.2;MILIAIRE APOCRINE
L75.8;AFF  DES GLD  SUDORIPARES APOCRINES  NCA
L75.9;AFF  DES GLD  SUDORIPARES APOCRINES  SAI
L80;VITILIGO
L81.0;HYPERPIGMENTATION POSTINFLAMMATOIRE
L81.1;CHLOASMA
L81.2;TACHES DE ROUSSEUR
L81.3;TACHES CAFE AU LAIT
L81.4;HYPERPIGMENTATIONS PAR LA MELANINE  NCA
L81.5;LEUCODERMIE  NCA
L81.6;ANOM  LIEES A UNE DIMINUTION DE LA FORMATION DE MELANINE  NCA
L81.7;DERMATOSE PURPURIQUE PIGMENTEE
L81.8;ANOM  PREC  DE LA PIGMENTATION  NCA
L81.9;ANOM  DE LA PIGMENTATION  SAI
L82;KERATOSE SEBORRHEIQUE
L83;ACANTHOSIS NIGRICANS
L84;CORS ET CALLOSITES
L85.0;ICHTYOSE ACQUISE
L85.1;KERATOSE PALMAIRE ET PLANTAIRE ACQUISE
L85.2;KERATOSE PONCTUEE
L85.3;XEROSIS CUTANE
L85.8;FORMES PREC  D EPAISSISSEMENT DE L EPIDERME  NCA
L85.9;EPAISSISSEMENT DE L EPIDERME  SAI
L86;KERATODERMIE AVEC MAL  CL  AILL 
L87.0;KERATOSE FOLLICULAIRE ET PARAFOLLICULAIRE PENETRANT DANS LA PEAU
L87.1;COLLAGENOME PERFORANT VERRUCIFORME
L87.2;ELASTOME PERFORANT SERPIGINEUX
L87.8;ANOM  DE L ELIMINATION TRANSEPIDERMIQUE  NCA
L87.9;ANOM  DE L ELIMINATION TRANSEPIDERMIQUE  SAI
L88;PYODERMITE GANGRENEUSE
L89.0;ULCERE DE DECUBITUS STADE 1  ZONE PRESSION
L89.1;ULCERE DE DECUBITUS STADE 2
L89.2;ULCERE DE DECUBITUS STADE 3
L89.3;ULCERE DE DECUBITUS STADE 4
L89.9;ULCERE DE DECUBITUS ET ZONE PRESSION SAI
L90.0;LICHEN SCLEREUX ET ATROPHIQUE
L90.1;ANETODERMIE DE SCHWENINGER BUZZI
L90.2;ANETODERMIE DE JADASSOHN PELLIZZARI
L90.3;ATROPHODERMIE DE PASINI ET PIERINI
L90.4;ACRODERMATITE CHRON  ATROPHIANTE
L90.5;CICATRICES ET FIBROSE CUTANEES
L90.6;STRIES ATROPHIQUES
L90.8;AFF  ATROPHIQUES DE LA PEAU  NCA
L90.9;AFF  ATROPHIQUE DE LA PEAU  SAI
L91.0;CICATRICE HYPERTROPHIQUE
L91.8;AFF  HYPERTROPHIQUES DE LA PEAU  NCA
L91.9;AFF  HYPERTROPHIQUE DE LA PEAU  SAI
L92.0;GRANULOME ANNULAIRE
L92.1;NECROBIOSE LIPOIDIQUE  NCA
L92.2;GRANULOME EOSINOPHILE DE LA PEAU
L92.3;GRANULOME CUTANE ET  S CUT  DU A LA PRESENCE D UN C E 
L92.8;LES  GRANULOMATEUSES DE LA PEAU ET DU TISSU CELL   S CUT   NCA
L92.9;LES  GRANULOMATEUSE DE LA PEAU ET DU TISSU CELL   S CUT   SAI
L93.0;LUPUS ERYTHEMATEUX CHRON  OU SAI
L93.1;LUPUS ERYTHEMATEUX CUTANE SUBAIG 
L93.2;LUPUS ERYTHEMATEUX LOC   NCA
L94.0;SCLERODERMIE LOC 
L94.1;SCLERODERMIE LINEAIRE
L94.2;CALCINOSE CUTANEE
L94.3;SCLERODACTYLIE
L94.4;PAPULES DE GOTTRON
L94.5;POIKILODERMIE GENERALISEE TYPE PETGES CLEJAT
L94.6;AINHUM
L94.8;AFF  LOC  PREC  DU TISSU CONJ   NCA
L95.0;VASCULARITE LIVEDOIDE
L95.1;ERYTHEMA ELEVATUM DIUTINUM
L95.8;VASCULARITES LIMITEES A LA PEAU  NCA
L95.9;VASCULARITE LIMITEE A LA PEAU  SAI
L97;ULCERE DU MB  INF   NCA
L98.0;GRANULOME PYOGENIQUE
L98.1;DERMITE FACTICE
L98.2;DERMATOSE NEUTROPHILE FEBRILE
L98.3;PHLEGMON A EOSINOPHILES
L98.4;ULCERATIONS CHRON  DE LA PEAU  NCA
L98.5;MUCINOSE CUTANEE
L98.6;LES  INFILTRANTES DE LA PEAU ET DU TISSU CELL   S CUT   NCA
L98.8;AFF  PREC  DE LA PEAU ET DU TISSU CELL   S CUT   NCA
L99.0;AMYLOSE CUTANEE
L99.8;AFF  PREC  PEAU ET TISSU CELL   S CUT  NCA  AVEC MAL  CL  AILL 
M54.0;PANNICULITE AFFECTANT LE COU ET LE DOS
M54.00;PANNICULITE AFFECTANT LE COU ET LE DOS   LOC  VERTEB  MULT 
M54.01;PANNICULITE AFFECTANT LE COU ET LE DOS   OCC   ATLAS  AXIS
M54.02;PANNICULITE AFFECTANT LE COU ET LE DOS   CERVICALE
M54.03;PANNICULITE AFFECTANT LE COU ET LE DOS   CERV  DORS 
M54.04;PANNICULITE AFFECTANT LE COU ET LE DOS   DORSALE
M54.05;PANNICULITE AFFECTANT LE COU ET LE DOS   DORS  LOMB 
M54.06;PANNICULITE AFFECTANT LE COU ET LE DOS   LOMBAIRE
M54.07;PANNICULITE AFFECTANT LE COU ET LE DOS   LOMBO SACREE
M54.08;PANNICULITE AFFECTANT LE COU ET LE DOS   SACRUM  COCCYX
M54.09;PANNICULITE AFFECTANT LE COU ET LE DOS   LOC  VERTEB  SAI
M79.3;PANNICULITE  SAI
M79.30;PANNICULITE  SAI   SIEGES MULT 
M79.31;PANNICULITE  SAI   EPAULE
M79.32;PANNICULITE  SAI   BRAS
M79.33;PANNICULITE  SAI   AVANT BRAS
M79.34;PANNICULITE  SAI   MAIN
M79.35;PANNICULITE  SAI   BASSIN  CUISSE
M79.36;PANNICULITE  SAI   JAMBE
M79.37;PANNICULITE  SAI   CHEV   PIED
M79.38;PANNICULITE  SAI   AUTRES LOC 
M79.39;PANNICULITE  SAI   LOC  SAI
N60.0;KYSTE SOLITAIRE DU SEIN
N60.1;MASTOPATHIE KYSTIQUE DIFFUSE
N60.2;ADENOFIBROSE DU SEIN
N60.3;FIBROSCLEROSE DU SEIN
N60.4;ECTASIE DES CANAUX GALACTOPHORES
N60.8;DYSPLASIES MAMMAIRES BENIGNES  NCA
N60.9;DYSPLASIE MAMMAIRE BENIGNE  SAI
N61;AFF  INFL  DU SEIN
N62;HYPERTROPHIE MAMMAIRE
N63;TUMEFACTION MAMMAIRE  SAI
N64.0;FISSURE ET FISTULE DU MAMELON
N64.1;CYTOSTEATONECROSE DU SEIN
N64.2;ATROPHIE MAMMAIRE
N64.3;GALACTORRHEE SANS RELATION AVEC UN ACCOUCH 
N64.4;MASTODYNIE
N64.5;SIGNES ET SYMPT  OBSERVES NIV  SEIN  NCA
N64.8;AFF  PREC  DU SEIN  NCA
N80.6;ENDOMETRIOSE SUR CICATRICE CUTANEE
P12.0;CEPHALHEMATOME DU A UN TRAUMA  OBST 
P12.1;HEMATOME EN CHIGNON DU A UN TRAUMA  OBST 
P12.2;HEMORR  EPICRANIENNE SOUS APONEVROTIQUE DUE A UN TRAUMA  OBST 
P12.3;MEURTRISSURE DU CUIR CHEVELU DUE A UN TRAUMA  OBST 
P12.4;LES  DU CUIR CHEVELU LIEE A UNE SURV  ELECTRONIQUE CONTINUE
P12.8;LES  DU CUIR CHEVELU DUES A UN TRAUMA  OBST   NCA
P12.9;LES  DU CUIR CHEVELU DUE A UN TRAUMA  OBST   SAI
P15.6;ADIPONECROSE  S CUT  DUE A UN TRAUMA  OBST 
P38;OMPHALITE DU N N   AVEC OU SANS HEMORR  LEGERE
P39.0;MASTITE INFECT  NEONAT 
P39.4;INFECT  NEONAT  DE LA PEAU
P54.5;HEMORR  CUTANEE NEONAT 
P83.0;SCLEREME DU N N 
P83.1;ERYTHEME TOXIQUE DU N N 
P83.2;ANASARQUE FOETOPLACENTAIRE
P83.3;OEDEMES  NCA OU SAI  SPECIFIQUES DU N N 
P83.4;ENGORGEMENT DU SEIN CHEZ LE N N 
P83.6;POLYPE OMBILICAL DU N N 
P83.8;AFF  PREC  DES TEG  SPECIFIQUES DU N N   NCA
P83.9;AFF  DES TEG  SPECIFIQUES DU N N   SAI
Q18.00;KYSTE DE LA QUEUE DU SOURCIL
Q18.3;COU PALME
Q70.1;PALMURE DES DOIGTS
Q70.3;PALMURE DES ORTEILS
Q80.0;ICHTYOSE VULGAIRE
Q80.1;ICHTYOSE LIEE AU CHROMOS  X
Q80.2;ICHTYOSE LAMELLAIRE
Q80.3;ERYTHRODERMIE ICHTYOSIFORME BULLEUSE CONG 
Q80.4;FOETUS ARLEQUIN
Q80.8;ICHTYOSES CONG   NCA
Q80.9;ICHTYOSE CONG   SAI
Q81.0;EPIDERMOLYSE BULLEUSE SIMPLE
Q81.1;EPIDERMOLYSE BULLEUSE LETALE
Q81.2;EPIDERMOLYSE BULLEUSE DYSTROPHIQUE
Q81.8;EPIDERMOLYSES BULLEUSES  NCA
Q81.9;EPIDERMOLYSE BULLEUSE  SAI
Q82.0;LYMPHOEDEME HERED 
Q82.1;XERODERMA PIGMENTOSUM
Q82.2;MASTOCYTOSE
Q82.3;INCONTINENTIA PIGMENTI
Q82.4;DYSPLASIE ECTODERMIQUE
Q82.5;NAEVUS CONG  NON NEOPLASIQUE
Q82.8;MALF  CONG  PREC  DE LA PEAU  NCA
Q82.9;MALF  CONG  DE LA PEAU  SAI
Q83.0;ABSENCE CONG  DE SEIN AVEC ABSENCE DE MAMELON
Q83.1;SEIN SURNUMERAIRE
Q83.2;ABSENCE DE MAMELON
Q83.3;MAMELON ACCESSOIRE
Q83.8;MALF  CONG  DU SEIN  NCA
Q83.9;MALF  CONG  DU SEIN  SAI
Q84.0;ALOPECIE CONG 
Q84.1;ANOM  CONG  DE LA MORPHOLOGIE DES CHEVEUX  NCA
Q84.2;ANOM  CONG  DES CHEVEUX  NCA
Q84.3;ANONYCHIE
Q84.4;LEUCONYCHIE CONG 
Q84.5;HYPERTROPHIE DES ONGLES
Q84.6;MALF  CONG  DES ONGLES  NCA
Q84.8;MALF  CONG  PREC  DE LA PEAU ET DES PHANERES  NCA
Q84.9;MALF  CONG  DE LA PEAU ET DES PHANERES  SAI
R21;RASH ET AUTRES ERUPTIONS CUTANEES NON SPECIFIQUES
R22.0;TUMEFACTION ET MASSE LOC   NIV  TETE
R22.1;TUMEFACTION ET MASSE LOC   NIV  COU
R22.2;TUMEFACTION ET MASSE LOC   NIV  TRONC
R22.3;TUMEFACTION ET MASSE LOC   NIV  MB  SUP 
R22.4;TUMEFACTION ET MASSE LOC   NIV  MB  INF 
R22.7;TUMEFACTION ET MASSE LOC   SIEGES MULT 
R22.9;TUMEFACTION ET MASSE LOC   SAI
R23.4;MODIF  DU TISSU CUTANE
R23.8;MODIF  DE LA PEAU  NCA OU SAI
R61.0;HYPERHIDROSE LOC 
R61.1;HYPERHIDROSE GENERALISEE
R61.9;HYPERHIDROSE  SAI
R92;RES  ANX  D IMAGE DU SEIN
S00.0;LES  TRAUMA  SUPERF  DU CUIR CHEVELU
S00.3;LES  TRAUMA  SUPERF  DU NEZ
S00.4;LES  TRAUMA  SUPERF  DE L OREILLE
S00.7;LES  TRAUMA  SUPERF  MULT  DE LA TETE
S00.8;LES  TRAUMA  SUPERF  D AUTRES PARTIES DE LA TETE
S01.0;PLAIE OUV  DU CUIR CHEVELU
S01.4;PLAIE OUV  DE LA JOUE ET DE LA REGION TEMPORO MAXILLAIRE
S01.7;PLAIES OUV  MULT  DE LA TETE
S01.8;PLAIE OUV  D AUTRES PARTIES DE LA TETE
S08.0;ARRACHEMENT DU CUIR CHEVELU
S10.1;LES  TRAUMA  SUPERF  DE LA GORGE  NCA OU SAI
S10.7;LES  TRAUMA  SUPERF  MULT  DU COU
S10.8;LES  TRAUMA  SUPERF  D AUTRES PARTIES DU COU
S10.9;LES  TRAUMA  SUPERF  DU COU  PARTIE SAI
S11.7;PLAIES OUV  MULT  DU COU
S11.8;PLAIE OUV  D AUTRES PARTIES DU COU
S11.9;PLAIE OUV  DU COU  PARTIE SAI
S20.0;CONTUSION DU SEIN
S20.1;LES  TRAUMA  SUPERF  DU SEIN  NCA OU SAI
S20.2;CONTUSION DU THOR 
S20.3;LES  TRAUMA  SUPERF  DE LA PAROI THOR  ANT   NCA
S20.4;LES  TRAUMA  SUPERF  DE LA PAROI THOR  POST   NCA
S20.7;LES  TRAUMA  SUPERF  MULT  DU THOR 
S20.8;LES  TRAUMA  SUPERF  DE PARTIES NCA OU SAI DU THOR 
S21.0;PLAIE OUV  DU SEIN
S21.1;PLAIE OUV  DE LA PAROI THOR  ANT 
S21.2;PLAIE OUV  DE LA PAROI THOR  POST 
S21.7;PLAIES OUV  MULT  DE LA PAROI THOR 
S21.8;PLAIE OUV  D AUTRES PARTIES DU THOR 
S21.9;PLAIE OUV  DU THOR  SAI
S30.0;CONTUSION LOMBES  BASSIN
S30.1;CONTUSION DE LA PAROI ABDO 
S30.7;LES  TRAUMA  SUPERF  MULT  DE L ABDO   LOMBES  BASSIN
S30.8;LES  TRAUMA  SUPERF  DE L ABDO   LOMBES  BASSIN  NCA
S31.0;PLAIE OUV  LOMBES  BASSIN
S31.1;PLAIE OUV  DE LA PAROI ABDO 
S31.7;PLAIES OUV  MULT  DE L ABDO   LOMBES  BASSIN
S31.8;PLAIE OUV  DE PARTIES NCA OU SAI DE L ABDO 
S40.0;CONTUSION DE L EPAULE  BRAS
S40.7;LES  TRAUMA  SUPERF  MULT  DE L EPAULE  BRAS
S40.8;LES  TRAUMA  SUPERF  DE L EPAULE  BRAS  NCA
S40.9;LES  TRAUMA  SUPERF  DE L EPAULE  BRAS  SAI
S41.0;PLAIE OUV  DE L EPAULE
S41.1;PLAIE OUV  DU BRAS
S41.7;PLAIES OUV  MULT  DE L EPAULE  BRAS
S41.8;PLAIE OUV  DE PARTIES NCA OU SAI DE LA CEINTURE SCAP 
S50.0;CONTUSION DU COUDE
S50.1;CONTUSION DE PARTIES NCA OU SAI DE L AV B 
S50.7;LES  TRAUMA  SUPERF  MULT  DE L AV B 
S50.8;LES  TRAUMA  SUPERF  DE L AV B   NCA
S50.9;LES  TRAUMA  SUPERF  DE L AV B   SAI
S51.0;PLAIE OUV  DU COUDE
S51.7;PLAIES OUV  MULT  DE L AV B 
S51.8;PLAIE OUV  D AUTRES PARTIES DE L AV B 
S51.9;PLAIE OUV  DE L AV B   PARTIE SAI
S60.0;CONTUSION DE DOIGT SANS LES  DE L ONGLE
S60.1;CONTUSION DE DOIGT AVEC LES  DE L ONGLE
S60.2;CONTUSION D AUTRES PARTIES POIGNET  MAIN
S60.7;LES  TRAUMA  SUPERF  MULT  POIGNET  MAIN
S60.8;LES  TRAUMA  SUPERF  POIGNET  MAIN  NCA
S60.9;LES  TRAUMA  SUPERF  POIGNET  MAIN  SAI
S61.0;PLAIE OUV  DE DOIGT SAI
S61.1;PLAIE OUV  DE DOIGT AVEC LES  DE L ONGLE
S61.7;PLAIES OUV  MULT  POIGNET  MAIN
S61.8;PLAIE OUV  D AUTRES PARTIES POIGNET  MAIN
S61.9;PLAIE OUV  POIGNET  MAIN  PARTIE SAI
S70.0;CONTUSION DE LA HANCHE
S70.1;CONTUSION DE LA CUISSE
S70.7;LES  TRAUMA  SUPERF  MULT  HANCHE  CUISSE
S70.8;LES  TRAUMA  SUPERF  HANCHE  CUISSE  NCA
S70.9;LES  TRAUMA  SUPERF  HANCHE  CUISSE  SAI
S71.0;PLAIE OUV  DE LA HANCHE
S71.1;PLAIE OUV  DE LA CUISSE
S71.7;PLAIES OUV  MULT  HANCHE  CUISSE
S71.8;PLAIE OUV  DE PARTIES NCA OU SAI DE LA CEINTURE PELVIENNE
S80.0;CONTUSION DU GENOU
S80.1;CONTUSION DE PARTIES NCA OU SAI DE LA JAMBE
S80.7;LES  TRAUMA  SUPERF  MULT  DE LA JAMBE
S80.8;LES  TRAUMA  SUPERF  DE LA JAMBE  NCA
S80.9;LES  TRAUMA  SUPERF  DE LA JAMBE  SAI
S81.0;PLAIE OUV  DU GENOU
S81.7;PLAIES OUV  MULT  DE LA JAMBE
S81.8;PLAIE OUV  D AUTRES PARTIES DE LA JAMBE
S81.9;PLAIE OUV  DE LA JAMBE  PARTIE SAI
S90.0;CONTUSION DE LA CHEVILLE
S90.1;CONTUSION D UN ORTEIL
S90.2;CONTUSION D UN ORTEIL AVEC LES  DE L ONGLE
S90.3;CONTUSION DE PARTIES NCA OU SAI DU PIED
S90.7;LES  TRAUMA  SUPERF  MULT  CHEVILLE  PIED
S90.8;LES  TRAUMA  SUPERF  CHEVILLE  PIED  NCA
S90.9;LES  TRAUMA  SUPERF  CHEVILLE  PIED  SAI
S91.0;PLAIE OUV  DE LA CHEVILLE
S91.1;PLAIE OUV  D UN ORTEIL SAI
S91.2;PLAIE OUV  D UN ORTEIL AVEC LES  DE L ONGLE
S91.3;PLAIE OUV  D AUTRES PARTIES DU PIED
S91.7;PLAIES OUV  MULT  CHEVILLE  PIED
T85.4;COMPLIC  MEC  D UNE PROTHESE ET D UN IMPLANT MAMMAIRES
Z40.00;ABLATION PROPHYLACTIQUE DE SEIN
Z41.0;IMPLANT DE CHEVEUX
Z41.1;OP  PLAST  POUR RAISONS ESTHETIQUES  NCA
Z42.0;SOINS DE CTRL  COMPRENANT UNE OP  PLAST  DE LA TETE ET DU COU
Z42.1;SOINS DE CTRL  COMPRENANT UNE OP  PLAST  DU SEIN
Z42.2;SOINS DE CTRL  COMPRENANT UNE OP  PLAST  D AUTRES PARTIES DU TRONC
Z42.3;SOINS DE CTRL  COMPRENANT UNE OP  PLAST  DES EXTREMITES SUP 
Z42.4;SOINS DE CTRL  COMPRENANT UNE OP  PLAST  DES EXTREMITES INF 
Z42.8;SOINS DE CTRL  COMPRENANT UNE OP  PLAST  D AUTRES PARTIES DU CORPS
Z42.9;SOINS DE CTRL  COMPRENANT UNE OP  PLAST   SAI
Z52.1;DONNEUR DE PEAU
Z80.3;ATCD  FAM  DE TUM  MAL  DU SEIN
Z80.804;ATCD  FAM  DE T M  DE LA PEAU ET DES TISSUS SSCUT 
Z84.0;ATCD  FAM  DE MAL  DE LA PEAU ET DU TISSU CELL   S CUT 
Z84.22;ATCD  FAM  DE MAL  DU SEIN
Z85.3;ATCD  PERS  DE TUM  MAL  DU SEIN
Z85.804;ATCD  PERS  DE T M  DE LA PEAU ET DES TISSUS SSCUT 
Z86.003;ATCD  PERS  DE T  SF M  DU SEIN
Z86.004;ATCD  PERS  DE T  SF M  DE LA PEAU
Z87.2;ATCD  PERS  DE MAL  DE LA PEAU ET DU TISSU CELL   S CUT 
Z87.42;ATCD  PERS  DE MAL  DU SEIN
Z90.1;ABSENCE ACQUISE DE SEIN
Z94.5;GREFFE DE PEAU
